source,target,tweet_text,tweet_date
@Leomagnoleo,@DelacaoSemSigilo,"#DelacaoSemSigilo da mesma forma que disseram que Lula era dono do triplex, que a lei Rouanet era para Petista, mostrará a verdade.",2017-01-30T23:46:58.000Z
@MartaFael,@lobaoeletrico,"Bom sinal: ministro reconhece que a Lei Rouanet servia às celebridades, não à... http://ln.is/yrHsQ by #lobaoeletrico via 
@c0nvey",2017-01-30T20:09:59.000Z
@MartaFael,@NuSQdGrS43,"Bom sinal: ministro reconhece que a Lei Rouanet servia às celebridades, não à... http://ln.is/yrHsQ by #lobaoeletrico via 
@c0nvey",2017-01-30T20:09:59.000Z
@MartaFael,@c0nvey,"Bom sinal: ministro reconhece que a Lei Rouanet servia às celebridades, não à... http://ln.is/yrHsQ by #lobaoeletrico via 
@c0nvey",2017-01-30T20:09:59.000Z
@MViniciusSouza1,@jeyleonardo,"@jeyleonardo
 Oie! Hein, quando eu te segui, foi porque conversamos sobre a captação de recurso das escolas de samba via L. Rouanet. Lembra?",2017-01-30T18:51:55.000Z
@joalmagalhaes,@lobaoeletrico,"Bom sinal: ministro reconhece que a Lei Rouanet servia às celebridades, não à... http://ln.is/m3aoX by #lobaoeletrico via 
@c0nvey",2017-01-30T18:18:57.000Z
@joalmagalhaes,@c0nvey,"Bom sinal: ministro reconhece que a Lei Rouanet servia às celebridades, não à... http://ln.is/m3aoX by #lobaoeletrico via 
@c0nvey",2017-01-30T18:18:57.000Z
@joalmagalhaes,@iDbNhhypOk,"Bom sinal: ministro reconhece que a Lei Rouanet servia às celebridades, não à... http://ln.is/m3aoX by #lobaoeletrico via 
@c0nvey",2017-01-30T18:18:57.000Z
@jonasmatias_,@lobaoeletrico,"Bom sinal: ministro reconhece que a Lei Rouanet servia às celebridades, não à... http://ln.is/8fKJg by #lobaoeletrico via 
@c0nvey",2017-01-30T18:05:35.000Z
@jonasmatias_,@SGOuKRGO8p,"Bom sinal: ministro reconhece que a Lei Rouanet servia às celebridades, não à... http://ln.is/8fKJg by #lobaoeletrico via 
@c0nvey",2017-01-30T18:05:35.000Z
@jonasmatias_,@c0nvey,"Bom sinal: ministro reconhece que a Lei Rouanet servia às celebridades, não à... http://ln.is/8fKJg by #lobaoeletrico via 
@c0nvey",2017-01-30T18:05:35.000Z
@dinho11101972,@lobaoeletrico,"Bom sinal: ministro reconhece que a Lei Rouanet servia às celebridades, não à... http://ln.is/alQv4 by #lobaoeletrico via 
@c0nvey",2017-01-30T17:53:44.000Z
@dinho11101972,@c0nvey,"Bom sinal: ministro reconhece que a Lei Rouanet servia às celebridades, não à... http://ln.is/alQv4 by #lobaoeletrico via 
@c0nvey",2017-01-30T17:53:44.000Z
@dinho11101972,@zH679Jl1p1,"Bom sinal: ministro reconhece que a Lei Rouanet servia às celebridades, não à... http://ln.is/alQv4 by #lobaoeletrico via 
@c0nvey",2017-01-30T17:53:44.000Z
@Masini1966,@MARCUSPITTER,"@MARCUSPITTER
 simples, porque lá na ilha latrina, não tem Lei Rouanet",2017-03-02T16:06:55.000Z
@FernandoCesar77,@CLAURANZ,"Beth Carvalho sempre foi de esquerda, ela apoiava até o Hugo Chavez explicitamente. Não tem nada a ver com Rouanet 
@CLAURANZ",2017-03-02T16:04:27.000Z
@ETFCS,@zehdeabreu,Quem pediu foi o Temer.... e quem pôs o Temer lá? 5.000 via lei rouanet de vc acertar!,2017-03-02T14:20:55.000Z
@APSNetinho,@PauloRo49195361,vai ver é só falta da lei rouanet,2017-03-02T14:17:19.000Z
@APSNetinho,@HumbertoReisJr,vai ver é só falta da lei rouanet,2017-03-02T14:17:19.000Z
@EGUIONESSMA,@ptbrasil,Intelectual Rouanet !!,2017-03-02T13:36:05.000Z
@LuttiLippe,@LulaPrezidente,Marieta e família eram sustentados pela Rouanet e áudio visual !  #LulaPrezidente,2017-03-02T13:19:53.000Z
@ReisNil,@folha,"Que dó dos""zé-ninguém""aqui HAHAHAHA Sempre as mesmas merdas: Lei Rouanet, desemprego(causa da paralização do país), etc Ô povo+BURRO",2017-03-02T13:19:39.000Z
@PastorJecerGoes,@prosapolitica,"- Saudade da lei rouanet, isso sim. Vergonha",2017-03-02T13:17:17.000Z
@antonioacso,@JornaldoBrasil,"Ouví um velho ditado que diz:""me diz c quem andas que te direi quem és"" .Será q eles ñ sabem quem é o dito cujo?Rouanet????",2017-03-02T13:00:21.000Z
@rabellomonique,@congressoemfoco,aí meu rouanet !,2017-03-02T12:48:30.000Z
@rabellomonique,@congemfoco,aí meu rouanet !,2017-03-02T12:48:30.000Z
@eumariliadelima,@4WGRvowT0m,"CURSO LEI ROUANET - totalment online. O melhor e mais completo. Você realmente escreve e cadastra um projeto,... http://fb.me/7wQjNTASz",2017-03-02T12:14:17.000Z
@CLAURANZ,@FernandoCesar77,Pesquise um pouco mais e terá argumentos de sobra. Só citei a rouanet porque no caso dessa sambista foi bem explícito.,2017-03-02T12:00:54.000Z
@JotaKar,@CACAIOPRADELLA,OLha só os artistas pró-impeachment é q se lambuzaram na Lei Rouanet http://ln.is/revistaforum.com.br/p0xKU…,2017-03-02T11:41:06.000Z
@JotaKar,@7QbpOMoYR2,OLha só os artistas pró-impeachment é q se lambuzaram na Lei Rouanet http://ln.is/revistaforum.com.br/p0xKU…,2017-03-02T11:41:06.000Z
@LouisvilleMTEN,@GoCards,"On court , Rouanet defeats Dykema 6-1 in the first set! #GoCards",2017-04-02T23:15:35.000Z
@fecdias,@VazaTemer, #VazaTemer  Golpista vivandeira Porcina rainha da sucata mama na Lei Rouanet http://bit.ly/1WSCGmN,2017-05-03T23:01:37.000Z
@fecdias,@8QR9q30RzT, #VazaTemer  Golpista vivandeira Porcina rainha da sucata mama na Lei Rouanet http://bit.ly/1WSCGmN,2017-05-03T23:01:37.000Z
@fatimamerighi,@HbXjF2VjKH,"Cantor Caetano Veloso, petista doente se complica na Lei Rouanet | Jornal do Pais http://fb.me/237u5KwRD",2017-06-03T23:51:33.000Z
@lcrive,@FNFTe9nIrw,"BOMBA: PF pode prender todos artistas que receberam dinheiro da Lei Rouanet. VEJA AQUI http://jornaldopais.com.br/bomba-pf-pode-prender-todos-artistas-que-receberam-dinheiro-da-lei-rouanet-veja-aqui/… via 
@Jornal
 do Pais",2017-06-03T23:19:08.000Z
@lcrive,@Jornal,"BOMBA: PF pode prender todos artistas que receberam dinheiro da Lei Rouanet. VEJA AQUI http://jornaldopais.com.br/bomba-pf-pode-prender-todos-artistas-que-receberam-dinheiro-da-lei-rouanet-veja-aqui/… via 
@Jornal
 do Pais",2017-06-03T23:19:08.000Z
@GabyMoreiraMor1,@AcoLyonel,"Companheiros  de longa  data...
Tá  explicado...agora Chico é  mais uma viúva  da lei Rouanet",2017-07-04T23:50:41.000Z
@joaofunchal7,@folha,"70% dos projetos da Rouanet são de pequeno porte, diz pesquisa que analisa os 25 anos da lei http://dramaticas.blogfolha.uol.com.br/2016/07/01/70-dos-projetos-da-rouanet-sao-de-pequeno-porte-diz-pesquisa-que-analisa-os-25-anos-da-lei/?cmpid=comptw… #folha",2017-08-04T23:56:42.000Z
@joaofunchal7,@GhcIEumL4p,"70% dos projetos da Rouanet são de pequeno porte, diz pesquisa que analisa os 25 anos da lei http://dramaticas.blogfolha.uol.com.br/2016/07/01/70-dos-projetos-da-rouanet-sao-de-pequeno-porte-diz-pesquisa-que-analisa-os-25-anos-da-lei/?cmpid=comptw… #folha",2017-08-04T23:56:42.000Z
@luizloes,@l3stPj9hxC,"""Trono do estudar"" versão sem lei Rouanet http://fb.me/5yEJd0jHg",2017-08-04T23:50:49.000Z
@CeliaNacarato,@donincrenca,"Eles ficariam ""bem na fita"" se estivessem segurando uma plaquinha: QUEREMOS NOSSA ROUANET DE VOLTA! #AcabouABoquinha",2017-08-04T23:23:50.000Z
@CeliaNacarato,@AcabouABoquinha,"Eles ficariam ""bem na fita"" se estivessem segurando uma plaquinha: QUEREMOS NOSSA ROUANET DE VOLTA! #AcabouABoquinha",2017-08-04T23:23:50.000Z
@CeliaNacarato,@roxmo,"Eles ficariam ""bem na fita"" se estivessem segurando uma plaquinha: QUEREMOS NOSSA ROUANET DE VOLTA! #AcabouABoquinha",2017-08-04T23:23:50.000Z
@gabrielgodluck,@DilmaResiste,Várias peças teatrais apresentadas por globais também não aparecia a verdade da lei Rouanet. Como fica? Tem dedo do PT?,2017-09-04T22:27:23.000Z
@gabrielgodluck,@Nanynha66,Várias peças teatrais apresentadas por globais também não aparecia a verdade da lei Rouanet. Como fica? Tem dedo do PT?,2017-09-04T22:27:23.000Z
@AeroAlisson,@GugaNoblat,"como fim da lei rouanet e do PT dando dinheiro pra artista falar bem deles,essa gente precisa fazer esse tipo de coisa pra poder aparecer",2017-09-04T21:16:48.000Z
@AeroAlisson,@jairbolsonaro,"como fim da lei rouanet e do PT dando dinheiro pra artista falar bem deles,essa gente precisa fazer esse tipo de coisa pra poder aparecer",2017-09-04T21:16:48.000Z
@AeroAlisson,@1fernandoreal,"como fim da lei rouanet e do PT dando dinheiro pra artista falar bem deles,essa gente precisa fazer esse tipo de coisa pra poder aparecer",2017-09-04T21:16:48.000Z
@GrandisoliPaulo,@jairbolsonaro,"Mas 
@jairbolsonaro
 é uma ameaça! Ameaça aos bandidos, aos ESQUERDOPATAS, aos artistas mamadores nas tetas da Rouanet, aos corruptos... https://x.com/TtheCrow_/status/916088695350026240…",2017-10-05T23:57:34.000Z
@ringoulart,@JornalOGlobo,"eu queria entender essa forma de categorizar ""religiosos"" o povo brasileiro quer respeito nas suas crenças e que acabe Lei Rouanet.",2017-10-05T23:41:12.000Z
@Sorgitzak,@hoGbvq9SfY,MinC diz que mudanças na Lei Rouanet ainda estão em discussão http://bit.ly/2y36Zk4,2017-10-05T23:40:31.000Z
@CaiapoSwagger,@ottoni3101,Os mesmos que mamam na lei Rouanet!,2017-11-05T23:29:51.000Z
@bozibrasil,@lindberghfarias,"Faz me rir, procure vaga no  tem grande chance, talvez protagonize uma “daquelas” peças financiadas pela rouanet!",2017-11-05T23:10:07.000Z
@pablinecorreia,@becakjj,"Rouanet financia eu e 
@becakjj
 HAHAHAHAHA #mentira https://x.com/becakjj/status/938545676262264832…",2017-12-06T23:12:21.000Z
@pablinecorreia,@mentira,"Rouanet financia eu e 
@becakjj
 HAHAHAHAHA #mentira https://x.com/becakjj/status/938545676262264832…",2017-12-06T23:12:21.000Z
@CostaFilhoAdv,@FernandoHoliday,É ainda continua recebendo incentivo da Rouanet?,2017-12-06T22:43:52.000Z
@CarantoRbp,@laurojardim,As manifestações circenses merecem mais o apoio da Lei Rouanet do que a exposição do homem nu no museu.,2017-12-06T22:43:38.000Z
@macoantonio,@ptbrasil,Mais um de olho na lei Rouanet. A casa vai cair e a moleza vai acabar!!!,2018-01-06T23:48:20.000Z
@Politologue_com,@MLAVDE,"Rouanet William #MLAVDE N°398/619 dans le classement du 05/02/2018: 
@williamrouanet
 a perdu -113 places http://dlvr.it/QFJQ3Z",2018-02-06T21:55:15.000Z
@Politologue_com,@0JI1NBdHuM,"Rouanet William #MLAVDE N°398/619 dans le classement du 05/02/2018: 
@williamrouanet
 a perdu -113 places http://dlvr.it/QFJQ3Z",2018-02-06T21:55:15.000Z
@DisseNerdice,@ConTVReal,"Aqui Contente sobre o vídeo do Nando, sua identidade já havia sido revelada antes, e você mesmo já havia citado em um podcast que já se cadastrou na lei Rouanet antes na sua época de mídia, porém você tem culhões para se redimir e mostrar seus erros! Tmj e um abraço :)",2018-02-06T21:18:12.000Z
@mfdguerra,@njgYdb5qLU,Lei Rouanet : Polícia Federal divulga a lista negra dos shows que desviaram recursos http://ln.is/com.br/AZutf,2017-01-19T11:30:46.000Z
@ManuelValls68,@Trianon,"RT Le18eAvecMValls:  Rues #Belliard et #Rouanet, n'oubliez pas demain manuelvalls sera au #Trianon à 19h30 … https://x.com/i/web/status/822030313266221056…",2017-01-19T10:57:39.000Z
@ManuelValls68,@Belliard,"RT Le18eAvecMValls:  Rues #Belliard et #Rouanet, n'oubliez pas demain manuelvalls sera au #Trianon à 19h30 … https://x.com/i/web/status/822030313266221056…",2017-01-19T10:57:39.000Z
@CestasdecafeJPA,@8IXYaeN1GQ,Lei Rouanet : Polícia Federal divulga a lista negra dos shows que desviaram recursos - Noticias Brasil Online http://fb.me/1Jywf1C85,2017-01-19T10:52:28.000Z
@DottaRodolfo,@folha,deve ter levantado uma grana brava através da Lei Rouanet,2017-03-01T22:01:49.000Z
@lLivreExpressao,@5mdmdMuEf4,"""Intelectuais""...
A Rouanet tá fazendo falta, né?  http://fb.me/1HuSWY3C4",2017-03-01T21:49:24.000Z
@kaicara_347,@Wo7i8xF3ya,"""Pela volta da Lei Rouanet""???
 http://fb.me/1fqV7RdAD",2017-03-01T21:42:07.000Z
@redealfenas,@roxmo,", seria o 'bloco dos desesperados' ou 'viúvos unidos da lei Rouanet', ñ se conformam q o 'carnaval' já acabou.",2017-03-01T21:22:11.000Z
@redealfenas,@UOL,", seria o 'bloco dos desesperados' ou 'viúvos unidos da lei Rouanet', ñ se conformam q o 'carnaval' já acabou.",2017-03-01T21:22:11.000Z
@paulocesarenf,@edmilsonpapo10,são tão intelectuais que não sobrevivem sem bolsa Rouanet!,2017-03-01T21:20:20.000Z
@RolandDavi,@QuartaDetremuraSDV,"Entre um ""bom filme"" do  , porém financiado pela Lei Rouanet e um péssimo filme dos , eu fico com a segunda opção. #QuartaDetremuraSDV",2017-03-01T20:53:45.000Z
@RolandDavi,@QuartaDetremuraSDV,"Entre um ""bom filme"" do  , porém financiado pela Lei Rouanet é um péssimo filme dos , eu fico com a segunda opção. #QuartaDetremuraSDV",2017-03-01T20:52:41.000Z
@EduCardosoAdv,@folha,mais uma órfã da Rouanet que ajudou Lula a esvaziar os cofres do Brasil.  Esses artistas mamões tem q ter vergonha na cara.,2017-03-01T20:03:34.000Z
@v_rebeque,@PCIT9sgM8Z,"Lei Rouanet - O blog 600.000 de Bethânia - Anna de Holanda, Tenta Explicar rt VERGONHA ... anos atrás e???? https://youtube.com/watch?v=edI8L5dtc9E&feature=share…",2017-03-01T19:33:42.000Z
@v_rebeque,@rbZuj9yKSe,"Gagueira na CPI da Lei Rouanet rt ""Aos pseudo-artistas""!!! https://youtube.com/watch?v=2GTAucyAiDc&feature=share…",2017-03-01T19:32:34.000Z
@brito_everardo,@Nominuto,"""Rouanet"" - Brazillllllll",2017-03-01T19:28:14.000Z
@fecdias,@8QR9q30RzT, #VazaTemer  Golpista vivandeira Porcina rainha da sucata mama na Lei Rouanet http://bit.ly/1WSCGmN,2017-03-01T19:01:28.000Z
@fecdias,@VazaTemer, #VazaTemer  Golpista vivandeira Porcina rainha da sucata mama na Lei Rouanet http://bit.ly/1WSCGmN,2017-03-01T19:01:28.000Z
@FranckRouanet,@archive,"Vidéo time-lapse HDR Erik Sviland http://bit.ly/jPDiwM #archive ""Un café, mon bloc note...""",2017-04-01T23:32:55.000Z
@FranckRouanet,@KNmKBgqT4u,"Vidéo time-lapse HDR Erik Sviland http://bit.ly/jPDiwM #archive ""Un café, mon bloc note...""",2017-04-01T23:32:55.000Z
@EltonAvsF1,@maathbz,"O cara fica puto porque questionamos a graninha da rouanet, mostrou a notícia comprovando e o que acontece? 
@_Ioen
 @maathbz
 @dianafigueredoo",2017-04-01T22:18:10.000Z
@EltonAvsF1,@dianafigueredoo,"O cara fica puto porque questionamos a graninha da rouanet, mostrou a notícia comprovando e o que acontece? 
@_Ioen
 @maathbz
 @dianafigueredoo",2017-04-01T22:18:10.000Z
@EltonAvsF1,@_Ioen,"O cara fica puto porque questionamos a graninha da rouanet, mostrou a notícia comprovando e o que acontece? 
@_Ioen
 @maathbz
 @dianafigueredoo",2017-04-01T22:18:10.000Z
@ROUANETRobin,@ZA31xF9G69,"Escargophone trouvé !
Les Shandia contre les prélats ! À ne pas rater !
http://bnent.jp/optc-den2f/ #TreCru",2017-05-02T23:41:59.000Z
@ROUANETRobin,@TreCru,"Escargophone trouvé !
Les Shandia contre les prélats ! À ne pas rater !
http://bnent.jp/optc-den2f/ #TreCru",2017-05-02T23:41:59.000Z
@boteruh,@jc_pe,"Como funciona a lei Rouanet, amigo?",2017-05-02T23:31:34.000Z
@boteruh,@Tonhitto,"Como funciona a lei Rouanet, amigo?",2017-05-02T23:31:34.000Z
@obsuni,@fofocasonline,Deve ter tido apoio da Lei Rouanet,2017-07-03T23:49:40.000Z
@obsuni,@Silvio_MKT,Deve ter tido apoio da Lei Rouanet,2017-07-03T23:49:40.000Z
@Cristiamo0,@discobaby8000,O meu tu nao pode dar em mim,2017-07-03T23:05:39.000Z
@Cristiamo0,@themengue,Huee,2017-07-03T23:04:53.000Z
@Cristiamo0,@_jennial,Huee,2017-07-03T23:04:53.000Z
@Cristiamo0,@missnoia,Huee,2017-07-03T23:04:53.000Z
@Cristiamo0,@hidromarina,Mas não briquem com meus planos com comida <\3,2017-08-03T23:49:20.000Z
@Cristiamo0,@aquammarina,Mas não briquem com meus planos com comida <\3,2017-08-03T23:49:20.000Z
@Cristiamo0,@grandemasbom,Mas não briquem com meus planos com comida <\3,2017-08-03T23:49:20.000Z
@Cristiamo0,@hidromarina,Tão perdoados.,2017-08-03T23:48:48.000Z
@Cristiamo0,@aquammarina,Tão perdoados.,2017-08-03T23:48:48.000Z
@Cristiamo0,@grandemasbom,Tão perdoados.,2017-08-03T23:48:48.000Z
@Cristiamo0,@grandemasbom,@grandemasbom,2017-08-03T23:43:55.000Z
@LeandruMartins,@ajulysantos,"Ele tem q ficar esperto é cm a fiscalização da Rouanet, o cuspidor global vai ter de devolver 300 conto nessa brincadeira kkkkkk",2017-09-03T02:18:28.000Z
@WRochaFLA,@g1,Se duvidar ainda pegaram uma grana da Lei Rouanet para fazer isso...,2017-09-03T02:10:54.000Z
@Leoehpardo,@JornalOGlobo,"Pena que nós temos que pagar as contas deles via lei rouanet enquanto ele xinga quem carrega o Brasil nas costas de racistas, fascistas etc",2017-09-03T01:33:24.000Z
@Leoehpardo,@Ancelmocom,"Pena que nós temos que pagar as contas deles via lei rouanet enquanto ele xinga quem carrega o Brasil nas costas de racistas, fascistas etc",2017-09-03T01:33:24.000Z
@FranckRouanet,@archive,"GymPact, motivation pour Runkeeper http://bit.ly/ZJSWIr #archive ""Un café, mon bloc note...""",2017-09-03T00:48:11.000Z
@FranckRouanet,@rlHIttCz1F,"GymPact, motivation pour Runkeeper http://bit.ly/ZJSWIr #archive ""Un café, mon bloc note...""",2017-09-03T00:48:11.000Z
@gettshullenffen,@jornalextra,"Nem a doce Picos ""Capital do mel"" aguentou esse boçal da Rouanet.",2017-09-03T00:32:38.000Z
@Marcelo_Jlle_SC,@paulormt,Enquanto isso nada de CPI da Lei Rouanet,2017-09-03T00:10:28.000Z
@Marcelo_Jlle_SC,@MichelTemer,Enquanto isso nada de CPI da Lei Rouanet,2017-09-03T00:10:28.000Z
@ChrisRouanet,@BFMTV,Bon courage pour cette nuit d'info !,2017-09-02T23:05:12.000Z
@ChrisRouanet,@cpitelet,Bon courage pour cette nuit d'info !,2017-09-02T23:05:12.000Z
@lanachama,@Cecillia,Com certeza não foi com verbas da Lei ROUANET !!! E os patrocinadores do filme LULA FILHO DO BRASIL vão querer saber tbm ???,2017-09-02T20:32:14.000Z
@Magnuspm,@jairbolsonaro,"Presidente, só pra esclarecer, quanto ele ganhou do Senhor, do Governo, ""rouanet"" da vida, BNDES ou algum outro mesmo?! ?NADA?! #bolsonaro18",2017-09-02T19:39:34.000Z
@Magnuspm,@bolsonaro18,"Presidente, só pra esclarecer, quanto ele ganhou do Senhor, do Governo, ""rouanet"" da vida, BNDES ou algum outro mesmo?! ?NADA?! #bolsonaro18",2017-09-02T19:39:34.000Z
@nilson_quintao,@folha, .... LEI ROUANET QUE NÃO FOI !!!!!! ... ,2017-09-02T19:30:35.000Z
@nilson_quintao,@monicabergamo, .... LEI ROUANET QUE NÃO FOI !!!!!! ... ,2017-09-02T19:30:35.000Z
@Marcelo63419775,@folha,"Que tal descobrir os financiadores de ""lula(ladrão)pelo brasil""????da lei rouanet???Brasil,pais da hipocrisia!!!",2017-09-02T18:51:00.000Z
@Marcelo63419775,@monicabergamo,"Que tal descobrir os financiadores de ""lula(ladrão)pelo brasil""????da lei rouanet???Brasil,pais da hipocrisia!!!",2017-09-02T18:51:00.000Z
@afandrioli1964,@g1,"Isto é arte? É uma idiotice, provavelmente pegou dinheiro da Lei Rouanet",2017-09-02T18:26:54.000Z
@New_Delia,@QUsZcPjV6i,PRA NÃO ESQUECER: CPI da Lei Rouanet encontra incoerências em documentos apresentados por Zé de Abreu: https://noticiasbrasilonline.com.br/cpi-da-lei-rouanet-encontra-incoerencias-em-documentos-apresentados-por-ze-de-abreu/…,2017-09-02T18:15:51.000Z
@julieROUANET,@NDfMs0ph7X,https://pscp.tv/w/bHmXxjFQWEVkbXhxZWdaUWV8MW1ueGVtckFkalF4WNOfCKpOPAEYHYy2vwzeMRwbp_6vFdGBSNbui5GLoAUD…,2017-09-02T18:00:37.000Z
@julieROUANET,@Top14,"#castresolympique
#Top14 
#tousensemble",2017-09-02T18:00:06.000Z
@julieROUANET,@tousensemble,"#castresolympique
#Top14 
#tousensemble",2017-09-02T18:00:06.000Z
@julieROUANET,@castresolympique,"#castresolympique
#Top14 
#tousensemble",2017-09-02T18:00:06.000Z
@FranckRouanet,@innovation,Le Journal de Franck Rouanet est sorti de presse : http://paper.li/FranckRouanet?edition_id=c79e8360-9005-11e7-857d-0cc47a0d1605… #afp #innovation,2017-09-02T17:40:19.000Z
@FranckRouanet,@afp,Le Journal de Franck Rouanet est sorti de presse : http://paper.li/FranckRouanet?edition_id=c79e8360-9005-11e7-857d-0cc47a0d1605… #afp #innovation,2017-09-02T17:40:19.000Z
@FranckRouanet,@Heh0T3bRTX,Le Journal de Franck Rouanet est sorti de presse : http://paper.li/FranckRouanet?edition_id=c79e8360-9005-11e7-857d-0cc47a0d1605… #afp #innovation,2017-09-02T17:40:19.000Z
@jeanfellipe,@foraPT,"Dos grandes intelectuais formadores de opiniao desse pais, e que defendem #MinC, quantos tiveram o privilegio da Lei Rouanet? #foraPT",2017-09-02T17:00:08.000Z
@jeanfellipe,@MinC,"Dos grandes intelectuais formadores de opiniao desse pais, e que defendem #MinC, quantos tiveram o privilegio da Lei Rouanet? #foraPT",2017-09-02T17:00:08.000Z
@FranckRouanet,@F60peHZ5ie,"Musique : Antoine Fadavi http://bit.ly/MwdflV #archive ""Un café, mon bloc note...""",2017-09-02T16:47:34.000Z
@FranckRouanet,@archive,"Musique : Antoine Fadavi http://bit.ly/MwdflV #archive ""Un café, mon bloc note...""",2017-09-02T16:47:34.000Z
@Politologue_com,@williamrouanet,"Rouanet William #MLAVDE N°346/608 dans le classement du 01/09/2017: 
@williamrouanet
 a perdu -128 places http://dlvr.it/PkM1vv",2017-09-02T16:43:07.000Z
@Politologue_com,@MLAVDE,"Rouanet William #MLAVDE N°346/608 dans le classement du 01/09/2017: 
@williamrouanet
 a perdu -128 places http://dlvr.it/PkM1vv",2017-09-02T16:43:07.000Z
@Politologue_com,@22MWSITJfK,"Rouanet William #MLAVDE N°346/608 dans le classement du 01/09/2017: 
@williamrouanet
 a perdu -128 places http://dlvr.it/PkM1vv",2017-09-02T16:43:07.000Z
@_REduardo_,@Whiplash_Net,Pra ele banda boa tem que apoiar a teta da Rouanet e a Dilmãe   ,2017-10-04T23:42:29.000Z
@thatamello,@FernandoHoliday,Mas então concordamos que Caetano não enriqueceu com a Lei Rouanet né!?,2017-11-04T23:54:13.000Z
@thatamello,@Pindomptable55,Mas então concordamos que Caetano não enriqueceu com a Lei Rouanet né!?,2017-11-04T23:54:13.000Z
@Pindomptable55,@FernandoHoliday,e daí? Artista rico não devia utilizar Rouanet. Deixa para quem  precisa.,2017-11-04T23:36:45.000Z
@Pindomptable55,@thatamello,e daí? Artista rico não devia utilizar Rouanet. Deixa para quem  precisa.,2017-11-04T23:36:45.000Z
@ChrisRouanet,@a2linefrancois,La classe et la grâce.,2017-12-05T23:52:16.000Z
@ChrisRouanet,@Le_Figaro,La classe et la grâce.,2017-12-05T23:52:16.000Z
@ChrisRouanet,@midemarest,D’autres remèdes volontiers...mais pas celui-ci !,2017-12-05T23:47:24.000Z
@ChrisRouanet,@evabester,D’autres remèdes volontiers...mais pas celui-ci !,2017-12-05T23:47:24.000Z
@COXINDELA,@eAIzKDCuJN,Não conseguiu nadinha com a Lei Rouanet?  http://uol.com/bwkkvb,2017-12-05T23:44:09.000Z
@tarcisiomourajr,@0NW1zzwzDK,"Retweeted Xico Rouanet Caviar (@zecarlosantos2):

Voto obrigatório é arrastar para as cabines de votação... https://fb.me/935T1mf9o",2018-01-05T12:12:19.000Z
@BrunoRouanet,@UXRepublic,"C’est l’ #UXDAY 34 et 
@Vaucanson
 nous fais un rex de sa mission dans le secteur de la banque . 
@UXRepublic",2018-01-05T11:58:43.000Z
@BrunoRouanet,@UXDAY,"C’est l’ #UXDAY 34 et 
@Vaucanson
 nous fais un rex de sa mission dans le secteur de la banque . 
@UXRepublic",2018-01-05T11:58:43.000Z
@BrunoRouanet,@Vaucanson,"C’est l’ #UXDAY 34 et 
@Vaucanson
 nous fais un rex de sa mission dans le secteur de la banque . 
@UXRepublic",2018-01-05T11:58:43.000Z
@presidencia_BR,@sergiosaleitao,"A Lei Rouanet é o principal mecanismo de fomento à cultura no Brasil. O ministro 
@sergiosaleitao
 ressaltou que foram captados R$ 1,2 bilhão para projetos por meio dessa legislação. #juntosfazemos",2018-01-05T11:33:33.000Z
@presidencia_BR,@juntosfazemos,"A Lei Rouanet é o principal mecanismo de fomento à cultura no Brasil. O ministro 
@sergiosaleitao
 ressaltou que foram captados R$ 1,2 bilhão para projetos por meio dessa legislação. #juntosfazemos",2018-01-05T11:33:33.000Z
@presidencia_BR,@sergiosaleitao,"O ministro lembra que, em dezembro, a captação de recursos pela Lei Rouanet bateu recorde com R$ 620 milhões para projetos culturais. #juntosfazemos",2018-01-05T11:32:06.000Z
@presidencia_BR,@juntosfazemos,"O ministro lembra que, em dezembro, a captação de recursos pela Lei Rouanet bateu recorde com R$ 620 milhões para projetos culturais. #juntosfazemos",2018-01-05T11:32:06.000Z
@presidencia_BR,@CulturaGovBr,"O ministro lembra que, em dezembro, a captação de recursos pela Lei Rouanet bateu recorde com R$ 620 milhões para projetos culturais. #juntosfazemos",2018-01-05T11:32:06.000Z
@presidencia_BR,@LMu9XaNDXE,"A Lei Rouanet passou por mudanças e está mais eficiente. Na visão do ministro da 
@CulturaGovBr
, 
@sergiosaleitao
, a nova legislação deixou os projetos culturais mais atrativos também para as empresas patrocinadoras. http://bit.ly/2m021OA #juntosfazemos",2018-01-05T11:31:44.000Z
@presidencia_BR,@sergiosaleitao,"A Lei Rouanet passou por mudanças e está mais eficiente. Na visão do ministro da 
@CulturaGovBr
, 
@sergiosaleitao
, a nova legislação deixou os projetos culturais mais atrativos também para as empresas patrocinadoras. http://bit.ly/2m021OA #juntosfazemos",2018-01-05T11:31:44.000Z
@presidencia_BR,@juntosfazemos,"A Lei Rouanet passou por mudanças e está mais eficiente. Na visão do ministro da 
@CulturaGovBr
, 
@sergiosaleitao
, a nova legislação deixou os projetos culturais mais atrativos também para as empresas patrocinadoras. http://bit.ly/2m021OA #juntosfazemos",2018-01-05T11:31:44.000Z
@presidencia_BR,@CulturaGovBr,"A Lei Rouanet passou por mudanças e está mais eficiente. Na visão do ministro da 
@CulturaGovBr
, 
@sergiosaleitao
, a nova legislação deixou os projetos culturais mais atrativos também para as empresas patrocinadoras. http://bit.ly/2m021OA #juntosfazemos",2018-01-05T11:31:44.000Z
@rangel217,@authenticity,Sérgio Mallandro vai poder captar R$ 875 usando Lei Rouanet https://x.com/jornalivre_br/status/949232068009046022…,2018-01-05T10:59:59.000Z
@beto_b2b,@ClaudiaLeitte,"Devolve o dinheiro da lei Rouanet, safada",2018-01-05T10:49:46.000Z
@beto_b2b,@ANAMARIABRAGA,"Devolve o dinheiro da lei Rouanet, safada",2018-01-05T10:49:46.000Z
@RCK_Martins,@y6BJXYc6UH,EXTINÇÃO DA LEI ROUANET BATE RECORDE E ALCANÇA 100 MIL APOIADORES NO SENADO - Noticias Brasil Online https://fb.me/HubEz2pD,2018-01-05T10:48:29.000Z
@YmaraF,@bobjackk,Acho que tem algo a ver com a lei rouanet nao?,2018-01-05T10:45:01.000Z
@FranckRouanet,@archive,"TweetDeck : insérer un tweet dans un article http://bit.ly/ThosZO #archive ""Un café, mon bloc note...""",2018-01-05T10:12:11.000Z
@FranckRouanet,@C5gm2yxWKR,"TweetDeck : insérer un tweet dans un article http://bit.ly/ThosZO #archive ""Un café, mon bloc note...""",2018-01-05T10:12:11.000Z
@FranckRouanet,@archive,"Dreamweaver : mise en page HTML avec CSS et DIV http://bit.ly/iNNtuy #archive ""Un café, mon bloc note...""",2018-01-05T10:12:07.000Z
@FranckRouanet,@gV8oVPU7T8,"Dreamweaver : mise en page HTML avec CSS et DIV http://bit.ly/iNNtuy #archive ""Un café, mon bloc note...""",2018-01-05T10:12:07.000Z
@pleideanas,@pensadorgabriel,"@pensadorgabriel
 o que o sr fez de bom para o pais até hoje, ta preocupado que acabe com a lei Rouanet e perder as regalias das amiguinhas?",2018-01-05T09:35:05.000Z
@ChrisRouanet,@PremiereEdition,Ça fait pas lourd...il fallait oser aller plus loin : 1/3 de charge en moins pour le salarié et l’entreprise...Oui là ça pouvait ressembler à quelque chose en terme de relance économique !,2018-01-05T09:05:33.000Z
@ChrisRouanet,@NicolasDOZE,Ça fait pas lourd...il fallait oser aller plus loin : 1/3 de charge en moins pour le salarié et l’entreprise...Oui là ça pouvait ressembler à quelque chose en terme de relance économique !,2018-01-05T09:05:33.000Z
@Bethyynhaaa,@HsFsWyw3ZK,"Viver num país nojento desse que ao invés de aparelhar saúde,educação segurança pública promove esse desmando com o dinheiro do povo com esse evento que prefiro nem dizer o que penso do mesmo
 Lei Rouanet liberou quase um bilhão de reais para Parada do https://hojenoticias.com.br/lei-rouanet-liberou-quase-um-bilhao-de-reais-para-parada-do-orgulho-lgbt-e-show-de-encerramento/DC#undefined.uxfs…",2018-02-05T23:45:40.000Z
@Lutaro1,@quW9GD9BMZ,Extinção da Lei Rouanet bate recorde e alcança 100 mil apoiadores no Senado – LavaJatoNews https://fb.me/PokVtx8d,2018-03-08T22:58:51.000Z
@Kabor9,@Kleber_Bra2010,Mais benefício da famigerada LEI ROUANET!!,2018-04-08T23:52:42.000Z
@Kabor9,@wendellgjj,Mais benefício da famigerada LEI ROUANET!!,2018-04-08T23:52:42.000Z
@f_delbosco,@LeoJaime,Vai lá fazer visita íntima pra ele então! Tá com medo da torneira da Lei Rouanet acabar?!,2018-04-08T22:36:40.000Z
@luizdiasmatos,@ClaudiaLeitte,"Vão tomar no CU com esta merda, parem de iludir os jovens com esta porra, aproveitando, quando você Claudia Leitte vai devolver o dinheiro da Lei Rouanet .",2018-04-08T22:28:02.000Z
@luizdiasmatos,@thevoicekidsbr,"Vão tomar no CU com esta merda, parem de iludir os jovens com esta porra, aproveitando, quando você Claudia Leitte vai devolver o dinheiro da Lei Rouanet .",2018-04-08T22:28:02.000Z
@FranckRouanet,@archive,"Photo : Matthew Huber #archive ""Un café, mon bloc note...""  http://uncafemonblocnote.fr/photo-matthew-huber/?utm_source=ReviveOldPost&utm_medium=social&utm_campaign=ReviveOldPost…",2018-05-09T22:40:00.000Z
@FranckRouanet,@7smMwdrchw,"Photo : Matthew Huber #archive ""Un café, mon bloc note...""  http://uncafemonblocnote.fr/photo-matthew-huber/?utm_source=ReviveOldPost&utm_medium=social&utm_campaign=ReviveOldPost…",2018-05-09T22:40:00.000Z
@AciteMesLizarb,@EscreveLuis,Recebi verbas do governo petista da lei rouanet,2018-05-09T21:50:24.000Z
@AciteMesLizarb,@SaidaaDireita,Recebi verbas do governo petista da lei rouanet,2018-05-09T21:50:24.000Z
@sampa_eduardo,@LulapeloBrasil,"viva ... a lei Rouanet!!!
A mamata e farra com real está acabando!!!!
BOLSONARO PRESIDENTE!",2018-06-09T23:33:00.000Z
@sampa_eduardo,@LulaOficial,"viva ... a lei Rouanet!!!
A mamata e farra com real está acabando!!!!
BOLSONARO PRESIDENTE!",2018-06-09T23:33:00.000Z
@terezabh,@1T0vzz0FQ9,"Gostei de um vídeo 
@YouTube
 http://youtu.be/XeEVph3pUTM?aPF investiga artistas que receberam dinheiro da Lei Rouanet.",2018-06-09T23:05:04.000Z
@terezabh,@YouTube,"Gostei de um vídeo 
@YouTube
 http://youtu.be/XeEVph3pUTM?aPF investiga artistas que receberam dinheiro da Lei Rouanet.",2018-06-09T23:05:04.000Z
@catialindemann,@p7e6fGpsbL,"E o BookTruck já está na estrada. O novo projeto da VR irá percorrer 22 cidades brasileiras, levando cultura para praças, povoados, vilarejos e comunidades em vulnerabilidade social. A Lei Rouanet é muito mais... https://facebook.com/catialindemann/videos/2476914079001186/…",2018-06-09T21:57:37.000Z
@SCezarp,@jbVqw3Ph9R,"Festival Lula Livre reunirá artistas e intelectuais dia 28 no Rio de Janeiro https://revistaforum.com.br/festival-lula-livre-reunira-artistas-e-intelectuais-dia-28-no-rio-de-janeiro/… - Da lei Rouanet, com contas a acertar? rs",2018-07-10T23:59:25.000Z
@Blogbone8,@IntervencaoMilitarJa,Chico Pinheiro da #GloboLixo junto a outros q fazem parte da escória são discípulos do Molusco Maldito  Pq foram bancados por ele pela Lei Rouanet e ñ querem que a fonte esgote por isso defendem #IntervencaoMilitarJa #LulaPreso https://x.com/rcp01/status/1016684489186177024…,2018-07-10T23:57:52.000Z
@Blogbone8,@GloboLixo,Chico Pinheiro da #GloboLixo junto a outros q fazem parte da escória são discípulos do Molusco Maldito  Pq foram bancados por ele pela Lei Rouanet e ñ querem que a fonte esgote por isso defendem #IntervencaoMilitarJa #LulaPreso https://x.com/rcp01/status/1016684489186177024…,2018-07-10T23:57:52.000Z
@Blogbone8,@LulaPreso,Chico Pinheiro da #GloboLixo junto a outros q fazem parte da escória são discípulos do Molusco Maldito  Pq foram bancados por ele pela Lei Rouanet e ñ querem que a fonte esgote por isso defendem #IntervencaoMilitarJa #LulaPreso https://x.com/rcp01/status/1016684489186177024…,2018-07-10T23:57:52.000Z
@miauresiste,@f7ppqWItpR,"O mesmo grupo que quer apoiar o Bozonaro 
Museu com exposição onde crianças tocam homem nu é financiado pelo Itaú via Lei Rouanet http://ilisp.org/noticias/museu-com-exposicao-onde-criancas-tocam-homem-nu-e-financiado-pelo-itau-via-lei-rouanet/…",2018-07-10T21:36:12.000Z
@Recreio_i,@DiarioPE,Mamador da Lei Rouanet safado,2018-08-10T21:24:18.000Z
@LEOGALVO8,@RevistaISTOE,"Porque?? 
Esperavam outra resposta desse ""artista"" mamador da lei rouanet",2018-08-10T20:46:22.000Z
@UNA2010,@scamarsn,"Mas é disso que a MIDIA QUE É  CONIVENTE COM A CORRUPCAO DO PT - que lhe garantiu milhares de boquinhas pelo Brasil  afora - TEME !!! Assim como os artistas que estão pendurados na lei Rouanet que lhes garante milhõe$ em detrimento da saúde pública , educação, segurança etc ...",2018-09-08T19:54:12.000Z
@CarlinhosUara,@julinho_36,Lei Rouanet pra picareta também!,2018-09-08T19:35:41.000Z
@CarlinhosUara,@CrazyCartoonSqd,Lei Rouanet pra picareta também!,2018-09-08T19:35:41.000Z
@CeaRouanet,@chepreum,"Sí, estamos a la espera del informe final con los videos de seguridad, que ya fueron proporcionados.",2018-09-08T19:12:38.000Z
@caiumi2,@TarcisoRenova,Outro carrapato da Rouanet.,2018-09-08T18:29:59.000Z
@VALTERLUISS,@jairbolsonaro,"@jairbolsonaro
 A FACÇÃO ARTÍSTICA ENGAJADA DE ESQUERDA DEU SEU RECADO: PENSOU EM MEXER NA LEI ROUANET, NÃO TERÁ SEQUER UMA PALAVRA DE COMPAIXÃO... E NEM LÁGRIMAS ARTIFICIAIS. SOMOS AUTÊNTICAS... RÊMORAS!",2018-09-08T18:12:08.000Z
@FranckRouanet,@L67E4zuGSV,"Toulouse: Adieu aluminium et film plastique, voici l'emballage écolo à base de cire d'abeille https://20minutes.fr/planete/2331415-20180906-toulouse-adieu-aluminium-film-plastique-voici-emballage-ecolo-base-cire-abeille?utm_campaign=Echobox&utm_medium=Social&utm_source=Facebook&xtref=facebook.com#Echobox=1536389800…",2018-09-08T17:57:17.000Z
@jotaefe61,@TarcisoRenova,"Vai acabar a grana fácil da Rouanet, essa é a bronca dele.",2018-09-08T17:13:21.000Z
@jeanfellipe,@foraPT,"Dos grandes intelectuais formadores de opiniao desse pais, e que defendem #MinC, quantos tiveram o privilegio da Lei Rouanet? #foraPT",2018-09-08T17:00:43.000Z
@jeanfellipe,@MinC,"Dos grandes intelectuais formadores de opiniao desse pais, e que defendem #MinC, quantos tiveram o privilegio da Lei Rouanet? #foraPT",2018-09-08T17:00:43.000Z
@Muriloxau,@NNMang,"Claro que não vão falar nada,estão perto de perder a lei rouanet deles.",2018-09-08T16:41:36.000Z
@Muriloxau,@NNMGAA,"Claro que não vão falar nada,estão perto de perder a lei rouanet deles.",2018-09-08T16:41:36.000Z
@helio_pedro,@r61M89L2be,"A FAMIGERADA LEI ROUANET.

O porquê da maioria dos artistas defenderem dos governos corruptos. https://facebook.com/vamopracima.mmn/videos/2153904738201145/…",2018-09-08T16:19:08.000Z
@zoelileal,@TarcisoRenova,Ridículo! Vai perder as mamatas da lei Rouanet!,2018-09-08T16:15:30.000Z
@Dirceleia1,@TarcisoRenova,"Quem vota no Bolsonaro tá doido pra acabar com a lei Rouanet pra tipos como esse , é  por isso q nós somos doidos!!!",2018-09-08T15:49:36.000Z
@hecatizz,@httploveuself,"É sério isso que vcs acreditam mesmo que todo mundo ""mama"" na lei Rouanet?",2018-10-11T23:57:28.000Z
@PauloVitorAlm11,@BolsoElla,"A Pat fala em ""erros"". Repete o discurso petista. Foi crime mesmo. Mas isso cheira à viuvez precoce da Lei Rouanet.",2018-10-11T23:57:25.000Z
@Gcah4,@iJs0xWvpcb,"Patricia Pillar tem a cara de pau de dizer que nunca foi petista... aham, achou o que do impeachment, essa hipócrita? 
Não quer perder a boquinha da Lei Rouanet, né? 
Deus tá vendo essas mentiradas aí!

http://pt.org.br/tag/patricia-pillar/…",2018-10-11T23:56:50.000Z
@sandrahostins,@luciano_hang,"Estou de ben com 
@luansantana
  pq ele rejeitou a verba da lei rouanet.",2018-11-11T23:50:08.000Z
@sandrahostins,@luansantana,"Estou de ben com 
@luansantana
  pq ele rejeitou a verba da lei rouanet.",2018-11-11T23:50:08.000Z
@MichelFaita,@Marcelodedois,"Pode chorar a vontade pq o combate ao crime,ao tráfico de drogas vai ser pesado, resultado não vai ter maconha p vc fumar,e acabar com a lei Rouanet, artistas como vc q recebem dinheiro dos nossos impostos vai acabar e vcs vão ter q trabalhar! vc não vai fumar nosso dinheiro",2018-11-11T23:48:02.000Z
@DireitaMaria,@gleisi,"Calma! Em 2019, muita água vai rolar, e
Caixa preta do BNDES
Caixa preta da Petrobras
Itaipu Binacional
Caixa preta Rouanet
Quem matou Celso Daniel??
Quem mandou matar Bolsonaro??
Caixa preta Minha Casa Minha Vida
Caixa preta Bolsa Família 
Caixa preta Fundos de Pensão
Etc etc",2018-11-11T23:39:27.000Z
@adrisl_ar,@folha,Fernanda Montenegro Rouanet,2018-12-12T23:58:25.000Z
@natmandur,@VEJA,"aqui tem artista que vai precisar de terapia depois do fim da ""farra da Rouanet"".",2018-12-12T23:56:01.000Z
@Vanilsouza,@kiiFRoWi4n,"Filme de Wagner Moura, que captou R$ 10 milhões da Lei Rouanet, está condenado ao fracasso (Veja o Vídeo) https://jornaldacidadeonline.com.br/noticias/12903/filme-de-wagner-moura-que-captou-r-10-milhoes-da-rouanet-esta-condenado-ao-fracasso-veja-o-video…",2019-01-12T23:55:04.000Z
@LeneSantanna,@PAAssis,Eu que mamo na Lei Rouanet,2019-01-12T23:55:02.000Z
@LeneSantanna,@lsentoes,Eu que mamo na Lei Rouanet,2019-01-12T23:55:02.000Z
@FanyFanani,@ClaudiaLeitte,Voce pegou dinheiro da Rouanet pra este também? Amei saber que voce vai ter que devolver 1.3 milhoes ao governo! Vagabundos tem que começar a trabalhar pra fazer dinheiro!,2019-01-12T23:51:36.000Z
@tv_varella,@conexaopolitica,"Mas a taxa de importação do leite continua, os ruralistas pressionam e o PR cede. Entretanto a lei rouanet é mexida pra atingir uma classe de artistas que o PR bao gosta",2019-02-12T23:55:52.000Z
@MarcalDalva,@liviaandradezn,"Livia já te falaram q vc passar a dar palestras, sua agenda vai ficar + cheia ainda. Se topar fazer isso, nao se esqueça da assessora do Peao Dourado, considerado 2º Tiao  Carreiro, e manda 1cheque q dê p pagar o curta Um Jogo p Tiao Carreiro. Lei rouanet só sai p ricos. Sei lá!!",2019-02-12T23:55:22.000Z
@dreamsforluan,@staffsantana,na verdade é cindy rouanet de lima jkkkjkj,2019-03-15T23:47:35.000Z
@rickpessoa2,@josiasteofilo,"Porque os ""cineastas"" daqui se recusam aceitar seu filme como tal. Vide o festival de cinema que você participou e eles se ""desescreveram"". Abstinência de lei Rouanet.",2019-03-15T23:22:55.000Z
@unperfectgirl_p,@crisilly,Lei Rouanet com certeza,2019-05-16T23:42:21.000Z
@unperfectgirl_p,@MistyOpressora,Lei Rouanet com certeza,2019-05-16T23:42:21.000Z
@ffalcao85,@Marcelodedois,"Eu não fui xingado de idiota. Não fumo maconha em universidades, nem ando nu em protesto e nem fumo maconha em showzinho bancado por lei Rouanet.",2019-05-16T22:35:53.000Z
@AugustoMorgado3,@zjsjEwv4PB,"A versão do impeachment na ótica de quem estava nas ruas. Sem lei Rouanet e nenhum benefício estatal. Não fique com a narrativa da esquerda sobre o impeachment! Não vão alterar a nossa história!

Compre o ingresso em:
http://naovaitergolpe.com.br",2019-06-16T23:58:10.000Z
@mlferraiolo,@opropriolavo,"FAZENDO O LANÇAMENTO DA NOVA LEI ROUANET, PARA AMIGOS DE BOLSNAR E FILHOS ''PATROCINAR VC, SEU OPORTUNISTA, E COM DINHEIRO DO POVO, SEU CANALHA DECADENTE. O Q SERÁ Q TEM PRA DIZER PRA ESCOLAS?  VC ESTÁ VELHO POR DENTRO E POR FORA",2019-06-16T23:56:28.000Z
@arrumaquinas,@HC6IyLGd1a,Gilberto Gil vai ser multado em R$ 3 milhões por Lei Rouanet https://veja.abril.com.br/blog/noblat/gil-multado-pelo-governo/…,2019-06-16T23:54:14.000Z
@CiceroFirpoSant,@7lkpCNWINv,"""Ação social""com dinheiro público: R$ 20 milhões da Lei Rouanet para Huck - TIJOLAÇO | “A política, sem polêmica, é a arma das elites.” http://tijolaco.net/blog/neoliberal-com-dinheiro-publico-r-20-mi-da-lei-rouanet-para-huck/…",2019-08-17T23:59:14.000Z
@Lucasa58,@PATRlOTAS,Paciência ele perdeu a boquinha da lei Rouanet.,2019-08-17T23:20:05.000Z
@solange47861810,@rosana,"O nome disso é fim da lei Rouanet. 
O chororo é infindável. O ator é pior que o vilão. E sabemos o nome disso: ""Lula livre"". Kkkkkkkk
#bomsucesso",2019-09-17T23:33:53.000Z
@solange47861810,@bomsucesso,"O nome disso é fim da lei Rouanet. 
O chororo é infindável. O ator é pior que o vilão. E sabemos o nome disso: ""Lula livre"". Kkkkkkkk
#bomsucesso",2019-09-17T23:33:53.000Z
@scavone,@XQTS3TU6Sv,"A ""Rouanet da segurança"" ou ""Segurança para quem pode pagar"" 
https://apublica.org/2019/09/com-rouanet-da-seguranca-empresarios-podem-interferir-na-aplicacao-de-recursos-no-rs/…",2019-09-17T22:02:20.000Z
@agenciapublica,@zWo72nRo40,"""Rouanet da segurança"": legislação inédita autoriza empresários a abater impostos em troca de armas e viaturas para as forças de segurança. Recursos vão para áreas escolhidas por doadores. http://agen.pub/seguranca",2019-09-17T21:00:00.000Z
@ChristianLanes,@banzeirosrainha,Viu não precisa roubar a lei Rouanet .,2019-10-18T22:37:30.000Z
@ChristianLanes,@danielamercury,Viu não precisa roubar a lei Rouanet .,2019-10-18T22:37:30.000Z
@EricoDietrich,@mito,"Todo mundo sabe que esse pessoal do PSL são na realidade petistas infiltrados financiados por Cuba, Venezuela, Foro de São Paulo e Lei Rouanet para acabar com o governo honesto do #mito e instar o comunismo!",2019-10-18T22:26:16.000Z
@REGINAOUTEIRO,@roxmo,Declarou guerra aos mamadores da Lei Rouanet!,2019-11-18T23:53:45.000Z
@ArqueiroZen,@lobaoeletrico,"Mal maior para você, que perdeu a boquinha da Lei Rouanet! 
Só para você ficar esperto:
BOLSONARO 2022
SÉRGIO MORO 2026",2019-11-18T23:47:59.000Z
@raposoigor,@lobaoeletrico,"Porra 
@lobaoeletrico
 o que vc deixo de mamar na teta do.governo pra mudar de lado assim.
Tu ficou sem mesada da lei rouanet",2019-11-18T23:39:53.000Z
@ronaldofrancoso,@roxmo,"Sem público q os sustentem dependem de políticos e suas algemas(lei  Rouanet, etc..)   para se manterem.",2019-12-19T23:56:38.000Z
@ronaldofrancoso,@BrazilFight,"Sem público q os sustentem dependem de políticos e suas algemas(lei  Rouanet, etc..)   para se manterem.",2019-12-19T23:56:38.000Z
@jcrouanet1,@ofcourselemans,"C'est remarquable. Bravo à Monsieur le Maire et à toute l'équipe municipale actuelle et précédente, sans oublier Jean-Claude Boulard.",2020-01-19T23:48:28.000Z
@jcrouanet1,@SLeFoll,"C'est remarquable. Bravo à Monsieur le Maire et à toute l'équipe municipale actuelle et précédente, sans oublier Jean-Claude Boulard.",2020-01-19T23:48:28.000Z
@vassal_de,@o_antagonista,"Isso É Um Babaca Covarde Q Não Aguenta A Pilha, E Reage A Cusparadas Ou Processos De Quem Ousar A Dizer Q Sua Lua De Mel Nas Maldivas Foi Financiada Por Vaquinhas Virtuais Através Do Dinheiro De Militantes Esquerdopatas Fanáticos, Já Q O Leitinho Da Rouanet Secou .",2020-01-19T23:29:39.000Z
@marciano_itro,@brpolitico,"Esse vagabundo desse narigudo não pode falar de ninguém não com q moral 
Ele pegou dinheiro da lei Rouanet pra comprar o jatinho q ele tem 
E dinheiro nosso",2020-02-19T23:36:03.000Z
@marciano_itro,@Estadao,"Esse vagabundo desse narigudo não pode falar de ninguém não com q moral 
Ele pegou dinheiro da lei Rouanet pra comprar o jatinho q ele tem 
E dinheiro nosso",2020-02-19T23:36:03.000Z
@WanderPalmas,@aleidegoncalves,"Essa é maus fácil ainda, deve na Rouanet e tem pensão cabulosa",2020-02-19T23:13:56.000Z
@WanderPalmas,@camposmello,"Essa é maus fácil ainda, deve na Rouanet e tem pensão cabulosa",2020-02-19T23:13:56.000Z
@WanderPalmas,@mariadorosario,"Essa é maus fácil ainda, deve na Rouanet e tem pensão cabulosa",2020-02-19T23:13:56.000Z
@JaimeFersilva,@Sen_Cristovam,Cadê minha Rouanet #BolsonaroPresidenteAte2026,2020-02-19T22:56:45.000Z
@JaimeFersilva,@BolsonaroPresidenteAte2026,Cadê minha Rouanet #BolsonaroPresidenteAte2026,2020-02-19T22:56:45.000Z
@JaimeFersilva,@zeliaduncan,Cadê minha Rouanet #BolsonaroPresidenteAte2026,2020-02-19T22:56:45.000Z
@denilsonh,@GabyAmarantos,Acabou foi a Rouanet...huahauaha,2020-03-21T23:55:41.000Z
@U2Cassio,@GabyAmarantos,Está sofrendo sem Rouanet também? Eita que a turma do Elenão não para!!!,2020-03-21T23:40:26.000Z
@MaysaMaia7,@ye0you6Psv,"Em pandemia, SP gasta R$ 103 milhões em ‘nova’ Lei Rouanet | Brasil | http://Pleno.News https://pleno.news/brasil/cidades/em-pandemia-sp-gasta-r-103-milhoes-em-nova-lei-rouanet.html…",2020-04-21T23:40:57.000Z
@MaysaMaia7,@C71AjHwda6,"Em pandemia, SP gasta R$ 103 milhões em ‘nova’ Lei Rouanet | Brasil | http://Pleno.News https://pleno.news/brasil/cidades/em-pandemia-sp-gasta-r-103-milhoes-em-nova-lei-rouanet.html…",2020-04-21T23:40:57.000Z
@reflexaobiblica,@ErjaeNJhge,"O PT e a Lei Rouanet segundo o ex-petista Lobão https://youtu.be/ZarO-FXM8q0 via 
@YouTube",2020-04-21T23:28:11.000Z
@reflexaobiblica,@YouTube,"O PT e a Lei Rouanet segundo o ex-petista Lobão https://youtu.be/ZarO-FXM8q0 via 
@YouTube",2020-04-21T23:28:11.000Z
@Douglasmelo01,@brunogagliasso,"Sério que pensasse isso ?!?!?!?
Uma reunião presidencial com assunto único ????
Fica com teu PT que perdesse foi a boquinha da Lei Rouanet.",2020-05-22T23:57:37.000Z
@Douglasmelo01,@MarceloFreixo,"Sério que pensasse isso ?!?!?!?
Uma reunião presidencial com assunto único ????
Fica com teu PT que perdesse foi a boquinha da Lei Rouanet.",2020-05-22T23:57:37.000Z
@Fernand54780141,@maisa,"Não otario , ele estava esperando vc chorar mais por causa do dinheiro da lei rouanet",2020-05-22T23:47:41.000Z
@Fernand54780141,@FabioPorchat,"Não otario , ele estava esperando vc chorar mais por causa do dinheiro da lei rouanet",2020-05-22T23:47:41.000Z
@Gabrievin,@juliaavera,"Tenho um link com todos os eps, vou te mandar no pv",2020-06-22T23:59:36.000Z
@PeringCezar,@FechadoComBolsolnaroAte2026,"Secou a teta da lei Rouanet,  agora esses comunistas sanguessugas pensam em ter renda de processos, bando de porcos comunistas,porque de artistas não nada
#FechadoComBolsolnaroAte2026

#PL2630Nao",2020-06-22T23:51:08.000Z
@PeringCezar,@RevistaISTOE,"Secou a teta da lei Rouanet,  agora esses comunistas sanguessugas pensam em ter renda de processos, bando de porcos comunistas,porque de artistas não nada
#FechadoComBolsolnaroAte2026

#PL2630Nao",2020-06-22T23:51:08.000Z
@PeringCezar,@PL2630Nao,"Secou a teta da lei Rouanet,  agora esses comunistas sanguessugas pensam em ter renda de processos, bando de porcos comunistas,porque de artistas não nada
#FechadoComBolsolnaroAte2026

#PL2630Nao",2020-06-22T23:51:08.000Z
@outdoorandnews5,@kywf3fwycE,"Renaud Rouanet et ses nouvelles courses 
@teaminstincttrail
@outdoorandnews5
 partenaire média 

http://outdoorandnews.com/des-nouvelles-de-renaud-rouanet/… 
@outdoorandnews5
  caillassourenaud_rouanet 
@instinct_trail
 https://instagram.com/p/CDAN9-8oLsb/?igshid=te79rgqq45wv…",2020-07-23T23:41:46.000Z
@outdoorandnews5,@GwXwQCBzLk,"Renaud Rouanet et ses nouvelles courses 
@teaminstincttrail
@outdoorandnews5
 partenaire média 

http://outdoorandnews.com/des-nouvelles-de-renaud-rouanet/… 
@outdoorandnews5
  caillassourenaud_rouanet 
@instinct_trail
 https://instagram.com/p/CDAN9-8oLsb/?igshid=te79rgqq45wv…",2020-07-23T23:41:46.000Z
@outdoorandnews5,@instinct_trail,"Renaud Rouanet et ses nouvelles courses 
@teaminstincttrail
@outdoorandnews5
 partenaire média 

http://outdoorandnews.com/des-nouvelles-de-renaud-rouanet/… 
@outdoorandnews5
  caillassourenaud_rouanet 
@instinct_trail
 https://instagram.com/p/CDAN9-8oLsb/?igshid=te79rgqq45wv…",2020-07-23T23:41:46.000Z
@TucaPinheiroDF,@sZv873ihjQ,"Captação de recursos pela Lei Rouanet cai 35%, a maior queda da última década 
@folha
:

https://www1.folha.uol.com.br/ilustrada/2020/07/captacao-de-recursos-pela-lei-rouanet-cai-35-a-maior-queda-da-ultima-decada.shtml?utm_source=twitter&utm_medium=social&utm_campaign=comptw…",2020-07-23T23:33:20.000Z
@TucaPinheiroDF,@folha,"Captação de recursos pela Lei Rouanet cai 35%, a maior queda da última década 
@folha
:

https://www1.folha.uol.com.br/ilustrada/2020/07/captacao-de-recursos-pela-lei-rouanet-cai-35-a-maior-queda-da-ultima-decada.shtml?utm_source=twitter&utm_medium=social&utm_campaign=comptw…",2020-07-23T23:33:20.000Z
@Sidrove,@jairbolsonaro,AI que saudade da Lei Rouanet kkkk,2020-08-23T23:58:08.000Z
@Sidrove,@caetanoveloso,AI que saudade da Lei Rouanet kkkk,2020-08-23T23:58:08.000Z
@MaelleRouanet,@NaisGracia,Oh lilou trop belle ta nouvelle photo de profil j’avais pas vu,2020-08-23T23:43:52.000Z
@MaelleRouanet,@lilouparra4,Oh lilou trop belle ta nouvelle photo de profil j’avais pas vu,2020-08-23T23:43:52.000Z
@_RenatoLopes,@jairbolsonaro,"@jairbolsonaro
 , pq será q uma pancada de jornalistas/Artistas estao fazendo a pergunta da Sua Esposa? será que estão revoltadinhos com a  Lei Rouanet? #ficaadica",2020-08-23T23:43:07.000Z
@_RenatoLopes,@ficaadica,"@jairbolsonaro
 , pq será q uma pancada de jornalistas/Artistas estao fazendo a pergunta da Sua Esposa? será que estão revoltadinhos com a  Lei Rouanet? #ficaadica",2020-08-23T23:43:07.000Z
@LeniseLRabelo,@Sylvio33881833,"Olha, só entre nós: não existe lei RAUANET! Existe a Lei Rouanet, desde o Governo Collor, que é para incentivar a CULTURA. A moça é ATLETA e foi beneficiada sim, em 2018, com o programa BOLSA-ATLETA! Não divulgue fake-news, cara! É feio! https://e-farsas.com/jogadora-de-volei-carolina-solberg-recebe-atualmente-dinheiro-do-programa-bolsa-atleta.html…",2020-09-23T23:46:24.000Z
@LeniseLRabelo,@marciosf_Brasil,"Olha, só entre nós: não existe lei RAUANET! Existe a Lei Rouanet, desde o Governo Collor, que é para incentivar a CULTURA. A moça é ATLETA e foi beneficiada sim, em 2018, com o programa BOLSA-ATLETA! Não divulgue fake-news, cara! É feio! https://e-farsas.com/jogadora-de-volei-carolina-solberg-recebe-atualmente-dinheiro-do-programa-bolsa-atleta.html…",2020-09-23T23:46:24.000Z
@LeniseLRabelo,@MubarakLuiza,"Olha, só entre nós: não existe lei RAUANET! Existe a Lei Rouanet, desde o Governo Collor, que é para incentivar a CULTURA. A moça é ATLETA e foi beneficiada sim, em 2018, com o programa BOLSA-ATLETA! Não divulgue fake-news, cara! É feio! https://e-farsas.com/jogadora-de-volei-carolina-solberg-recebe-atualmente-dinheiro-do-programa-bolsa-atleta.html…",2020-09-23T23:46:24.000Z
@LeniseLRabelo,@mc56i8Dgix,"Olha, só entre nós: não existe lei RAUANET! Existe a Lei Rouanet, desde o Governo Collor, que é para incentivar a CULTURA. A moça é ATLETA e foi beneficiada sim, em 2018, com o programa BOLSA-ATLETA! Não divulgue fake-news, cara! É feio! https://e-farsas.com/jogadora-de-volei-carolina-solberg-recebe-atualmente-dinheiro-do-programa-bolsa-atleta.html…",2020-09-23T23:46:24.000Z
@jumaia_00,@caiocgomes,"Bolsa atleta is the new Lei Rouanet

aliás, bela arte de perfil!!!!!!!!!!!!!!",2020-09-23T23:13:18.000Z
@FFCO78,@Rconstantino,"Culpa de vocês mesmos que alimentaram lembra quando ele era o Cara por falar grosso contra o PT ou a lei Rouanet, ou quando posava ao lado do então candidato Jair Bolsonaro?

Mas naquela época ele era o Cara né!",2020-09-23T22:08:11.000Z
@josuedantas2011,@CoserGil,Vampiros da Lei Rouanet estão em desespero o choro é livre e a teta secou!,2020-10-24T23:57:31.000Z
@esdacheti,@dasilvabenedita,"Patota PeTralha quer a volta da Lei ROUANET
Esqueçam .....
PeTralhas NUNCA MAIS !!!!!",2020-10-24T23:54:41.000Z
@esdacheti,@ptbrasil,"Patota PeTralha quer a volta da Lei ROUANET
Esqueçam .....
PeTralhas NUNCA MAIS !!!!!",2020-10-24T23:54:41.000Z
@marinarodri__,@gustavo_menezes,"Se fosse simplesmente isso, o Collor não teria sido forçado a aprovar a Lei Rouanet depois da merda que fez em fechar a Embrafilme e acabar com parte da economia do país porque não houve mais ganho econômico e muito menos arrecadação de imposto. Isso por si só já te responde.",2020-10-24T23:11:28.000Z
@marinarodri__,@kripk_e,"Se fosse simplesmente isso, o Collor não teria sido forçado a aprovar a Lei Rouanet depois da merda que fez em fechar a Embrafilme e acabar com parte da economia do país porque não houve mais ganho econômico e muito menos arrecadação de imposto. Isso por si só já te responde.",2020-10-24T23:11:28.000Z
@NilbertoHaddad,@hidoke_,"Mas sim, me conta quanto que teus pais captaram da lei Rouanet para fazer esse espetáculo?",2020-11-24T23:48:07.000Z
@jooheliassilva1,@GuilhermeBoulos,"Que bosta, só maconheiro que adora a lei rouanet , sem rounet são cantores de butiquim",2020-11-24T23:46:36.000Z
@Luciano54262680,@JuliaMe75489206,Socializarem a Lei Rouanet!,2020-11-24T23:43:54.000Z
@licacecato,@H9g29kFKTM,Atraso em aprovações da Lei Rouanet deve gerar apagão na cultura no ano que vem https://www1.folha.uol.com.br/ilustrada/2020/12/atraso-em-aprovacoes-da-lei-rouanet-deve-gerar-apagao-na-cultura-no-ano-que-vem.shtml?utm_source=twitter&utm_medium=social&utm_campaign=comptw…,2020-12-25T23:58:12.000Z
@LeoJaime,@JednoA,"Qual projeto de lei rouanet eu fiz na vida? Cite um. E depois, preste atenção no nome, se é LEI rouanet, é porque é LEI. E lei vale pra todos. LEI. Mas mesmo assim quero que vc me mostre um projeto de lei rouanet captado em meu nome. UM. Só UM! Grato",2020-12-25T22:47:20.000Z
@silva_jarbas,@zChAvkeuvr,"https://youtu.be/aoAvkbVVppM

A CASA CAINDO! PT E PSDB E TODOS  PARTIDOS  QUE SÃO NA VERDADE QUADRILHAS  PARA  ROUBAR O BRASIL  É O POVO BRASILEIRO SENDO PRESOS E ARTISTAS GLOBAIS METIDOS NAS  FALCATRUAS DA TAL LEI  DE FHC LEI ROUANET ""ROUBANET"" BILHÕES

https://youtu.be/aoAvkbVVppM",2020-12-25T22:35:07.000Z
@Mando_a_merda,@C_ta_Doido,"Moço explica aqui pra gente sobre a Lei Rouanet, por favor kkkkkkkkkkkkk esta nítido que não sabe como funciona kkkkkkk",2021-01-25T23:59:03.000Z
@Mando_a_merda,@SandraMizael,"Moço explica aqui pra gente sobre a Lei Rouanet, por favor kkkkkkkkkkkkk esta nítido que não sabe como funciona kkkkkkk",2021-01-25T23:59:03.000Z
@Mando_a_merda,@euleodias,"Moço explica aqui pra gente sobre a Lei Rouanet, por favor kkkkkkkkkkkkk esta nítido que não sabe como funciona kkkkkkk",2021-01-25T23:59:03.000Z
@brunotsalata,@LucianoHuck,Avisa o Presidente da OAB que ele perdeu a ação que iria liberar dinheiro da Rouanet pros “artistas”....,2021-01-25T23:57:44.000Z
@jebapcar,@fcomorais,Só de acabar com 1-farra rouanet 2-farra bndes 3-farra midia 4-farra transposição... voto até 2050,2021-01-25T23:57:14.000Z
@ebervasjr,@zeliaduncan,"Não vamos manter ""artistas"" sem talento através da lei Rouanet, vai ter que trabalhar e viver do seu talento, tá ferrada.",2021-02-25T23:59:46.000Z
@PassosLeopoldo,@zeliaduncan,"Tá com saudades de mamar nas tetas do governo né? Vai trabalhar sua rabugenta, lei rouanet nunca mais kkkkkkkkk",2021-02-25T23:59:27.000Z
@waldeck_rocha,@zeliaduncan,"A esquerda mimizenta, não sabem nem o que é uma estrela decadente. E o quê dirá @zdoficial que se quer,  consegue brilhar e sobreviver sem a mamata da Rouanet!!!",2021-02-25T23:57:41.000Z
@kdatvsakitdpsv,@ivetesangalo,Mas onde Neymar e Kaká tem a ver com A lei Rouanet? ,2021-03-28T23:51:43.000Z
@kdatvsakitdpsv,@AlexPon10590825,Mas onde Neymar e Kaká tem a ver com A lei Rouanet? ,2021-03-28T23:51:43.000Z
@charlesrok,@CuritibaCult,"Até aqui estão fazendo políticaria, achei que fosse um canal de informações serias, ou será que é por causa da tal lei Rouanet que foi cortada. Não sei se interessa mas não sigo mais a partir de agora. Fui.",2021-04-28T23:40:53.000Z
@charlesrok,@LulaOficial,"Até aqui estão fazendo políticaria, achei que fosse um canal de informações serias, ou será que é por causa da tal lei Rouanet que foi cortada. Não sei se interessa mas não sigo mais a partir de agora. Fui.",2021-04-28T23:40:53.000Z
@charlesrok,@RBD_oficial,"Até aqui estão fazendo políticaria, achei que fosse um canal de informações serias, ou será que é por causa da tal lei Rouanet que foi cortada. Não sei se interessa mas não sigo mais a partir de agora. Fui.",2021-04-28T23:40:53.000Z
@Gabrievin,@nikitagn3,Todos,2021-04-28T23:21:11.000Z
@gislenefenix,@veraholtzirreal,Tá certa a Renata Sorrah tem que correr atrás do preju acabou a Lei Rouanet acabou o oba oba da Globo acabou os contratos vitalícios kkkkkk,2021-05-29T23:56:25.000Z
@LucioPiatan,@CalaABocaV%C3%A9yaCad%C3%B9ncan,"Lembra a múmia da tua mãe 

Cretina canalha calhorda pilantra picareta 

Quanto cê deve de contas dos 12 BILHÕES sem prestação de contas na Lei Rouanet? #CalaABocaVéyaCadùncan só canta. Ou cê é ladra da facção criminosa vermelha ptPCC?",2021-06-29T23:53:45.000Z
@LucioPiatan,@zeliaduncan,"Lembra a múmia da tua mãe 

Cretina canalha calhorda pilantra picareta 

Quanto cê deve de contas dos 12 BILHÕES sem prestação de contas na Lei Rouanet? #CalaABocaVéyaCadùncan só canta. Ou cê é ladra da facção criminosa vermelha ptPCC?",2021-06-29T23:53:45.000Z
@Francisco030968,@danielamercury,O choro é livre; melhor ir trabalhar; a lei Rouanet acabou.,2021-06-29T23:50:17.000Z
@paulopelee,@BolsonaroPresidenteAte2026,E vocês mamadores da lei rouanet tão com a mamadeira seca né a mamata acabou #BolsonaroPresidenteAte2026,2021-06-29T23:49:46.000Z
@paulopelee,@zeliaduncan,E vocês mamadores da lei rouanet tão com a mamadeira seca né a mamata acabou #BolsonaroPresidenteAte2026,2021-06-29T23:49:46.000Z
@ptribeirao,@lSoTZj0zKe,"Houve desvio de finalidade da Funarte ao barrar aplicação da Lei Rouanet a festival - Núcleo Luciano Lepera | Rede PT - https://nucleolucianolepera.com.br/index.php/2021/07/28/houve-desvio-de-finalidade-da-funarte-ao-barrar-aplicacao-da-lei-rouanet-a-festival/…

Curta Direitos na Rede: @AAMachadoRP
#24JForaBolsonaro #CPIdaCOVID #RéuConfesso",2021-07-28T21:34:09.000Z
@ptribeirao,@24JForaBolsonaro,"Houve desvio de finalidade da Funarte ao barrar aplicação da Lei Rouanet a festival - Núcleo Luciano Lepera | Rede PT - https://nucleolucianolepera.com.br/index.php/2021/07/28/houve-desvio-de-finalidade-da-funarte-ao-barrar-aplicacao-da-lei-rouanet-a-festival/…

Curta Direitos na Rede: @AAMachadoRP
#24JForaBolsonaro #CPIdaCOVID #RéuConfesso",2021-07-28T21:34:09.000Z
@ptribeirao,@CPIdaCOVID,"Houve desvio de finalidade da Funarte ao barrar aplicação da Lei Rouanet a festival - Núcleo Luciano Lepera | Rede PT - https://nucleolucianolepera.com.br/index.php/2021/07/28/houve-desvio-de-finalidade-da-funarte-ao-barrar-aplicacao-da-lei-rouanet-a-festival/…

Curta Direitos na Rede: @AAMachadoRP
#24JForaBolsonaro #CPIdaCOVID #RéuConfesso",2021-07-28T21:34:09.000Z
@ptribeirao,@R%C3%A9uConfesso,"Houve desvio de finalidade da Funarte ao barrar aplicação da Lei Rouanet a festival - Núcleo Luciano Lepera | Rede PT - https://nucleolucianolepera.com.br/index.php/2021/07/28/houve-desvio-de-finalidade-da-funarte-ao-barrar-aplicacao-da-lei-rouanet-a-festival/…

Curta Direitos na Rede: @AAMachadoRP
#24JForaBolsonaro #CPIdaCOVID #RéuConfesso",2021-07-28T21:34:09.000Z
@CearaEmOFF,@353LqrV2Zc,"Zélia Duncan tenta captar R$ 3 milhões pela Lei Rouanet e não consegue um centavo: “Tá p… da vida”; VEJA VÍDEO

Leia mais em: https://cearaemoff.com.br/noticias/zelia-duncan-tenta-captar-r-3-milhoes-pela-lei-rouanet-e-nao-consegue-um-centavo-ta-p-da-vida-veja-video…",2021-07-28T21:30:03.000Z
@rafaeld46794316,@zeliaduncan,Dinheiro da lei rouanet que não é!,2021-07-28T21:28:23.000Z
@JPBrasilRio1,@zeliaduncan,Saudade da Lei Rouanet né filha?,2021-07-28T21:27:36.000Z
@Edy_Sampa48,@loiradedireita1,"É loira vai acabando o dinheiro da mamata da Rouanet acaba o botox, as plásticas, as clínicas de estética caríssimas, maquiagens importadas, tudo as nossas custas, sobra este bagaço aí!!!!",2021-07-28T21:27:01.000Z
@HamiltonFO2019,@zeliaduncan,"Quem grita Fora Bozo, fica sem lei Rouanet",2021-07-28T21:26:01.000Z
@LinSChin1,@zeliaduncan,Com certezaaa não é Rouanet.,2021-07-28T21:21:48.000Z
@LuizAlberto022,@zeliaduncan,"Colhe segurança da família , liberdade e independência .

Se possível me responda , aonde estar o $$$ da Rouanet ???",2021-07-28T21:19:30.000Z
@ndreyue,@folha,Lei Rouanet agora só vai financiar filme do Edir Macedo.,2021-07-28T21:14:54.000Z
@guia_folha,@NeSeoCflaX,Arte sacra ganha área VIP dentro da Lei Rouanet e procupa o setor https://www1.folha.uol.com.br/ilustrada/2021/07/arte-sacra-ganha-area-vip-dentro-da-lei-rouanet-e-procupa-o-setor.shtml?utm_source=twitter&utm_medium=social&utm_campaign=twfolha…,2021-07-28T21:13:03.000Z
@sitef5,@KB5sO44cSt,Arte sacra ganha área VIP dentro da Lei Rouanet e procupa o setor https://www1.folha.uol.com.br/ilustrada/2021/07/arte-sacra-ganha-area-vip-dentro-da-lei-rouanet-e-procupa-o-setor.shtml?utm_source=twitter&utm_medium=social&utm_campaign=twfolha…,2021-07-28T21:11:03.000Z
@folhailustrada,@0XxWJeb7cg,Arte sacra ganha área VIP dentro da Lei Rouanet e procupa o setor https://www1.folha.uol.com.br/ilustrada/2021/07/arte-sacra-ganha-area-vip-dentro-da-lei-rouanet-e-procupa-o-setor.shtml?utm_source=twitter&utm_medium=social&utm_campaign=twfolha…,2021-07-28T21:11:03.000Z
@llimalex,@UOL,Mas lei Rouanet também é dinheiro público.,2021-09-29T11:32:14.000Z
@rouanet_olivier,@DavidCozette,"Super c'est mérité, tu m'a fait vibrer sur mon canapé avec tes commentaires. ",2021-09-29T11:27:29.000Z
@ClaudiaRloiaco,@NilsonIncioDos1,Se servia da Rouanet e ainda cobrava $500 por um ingresso,2021-09-29T11:19:19.000Z
@ClaudiaRloiaco,@bielconn,Se servia da Rouanet e ainda cobrava $500 por um ingresso,2021-09-29T11:19:19.000Z
@gavranha,@SandraMorenah22,"A Lei Rouanet é boa. Permite apoiar artistas promissores para que ganhem visibilidade e possam se aprimorar. Pense p.ex. num jovem pianista do interior, pobre mas dedicado e talentoso. O problema está em que foi ""apropriada"" por amigos do rei. Deixaram as migalhas.",2021-09-29T10:58:30.000Z
@UOL,@YQcxEmPKyT,Filmes do caso Richthofen usaram dinheiro público ou Lei Rouanet? https://zpr.io/6MLtVVL9WT8Z,2021-09-29T10:28:03.000Z
@UOLNoticias,@JpyCvtepco,Filmes do caso Richthofen usaram dinheiro público ou Lei Rouanet? https://zpr.io/myq8WP3uy6zW,2021-09-29T10:27:50.000Z
@soniahbona,@zfabrogmailcom,Acabei de ver um vídeo onde o ze abreu  disse que o salário deles vinha da lei Rouanet.,2021-09-29T09:46:51.000Z
@lucianors1980,@senadorjean,"Lei Paulo Gustavo?Isso aí pra mim é lei Rouanet disfarçada pra nos roubar isso sim,criem vergonha nessa sua cara cabra safado,pt,bando de ladrões.",2021-09-29T09:43:11.000Z
@lucianors1980,@LulaOficial,"Lei Paulo Gustavo?Isso aí pra mim é lei Rouanet disfarçada pra nos roubar isso sim,criem vergonha nessa sua cara cabra safado,pt,bando de ladrões.",2021-09-29T09:43:11.000Z
@lucianors1980,@jeanpaulprates,"Lei Paulo Gustavo?Isso aí pra mim é lei Rouanet disfarçada pra nos roubar isso sim,criem vergonha nessa sua cara cabra safado,pt,bando de ladrões.",2021-09-29T09:43:11.000Z
@PauloCPieroni,@kimpaim,Tá com jeito de que perdeu a mamata da Rouanet também.,2021-09-29T08:19:38.000Z
@PauloCPieroni,@Marcc71157791,Tá com jeito de que perdeu a mamata da Rouanet também.,2021-09-29T08:19:38.000Z
@fabrixdoromo,@roCuL8bFuW,Filmes do caso Richthofen usaram dinheiro público ou Lei Rouanet? https://ift.tt/3unEadN,2021-09-29T08:09:18.000Z
@Splash_UOL,@S6Ga8FO11M,Filmes do caso Richthofen usaram dinheiro público ou Lei Rouanet? https://zpr.io/AEsrSHMHxhFB,2021-09-29T07:04:50.000Z
@resende_maira,@GraceStudioArt,Crise de abstinência LEI ROUANET,2021-09-29T05:20:08.000Z
@TolotoMarcos,@GraceStudioArt,Órfã da lei Rouanet.,2021-09-29T03:32:00.000Z
@luizcfabiano,@BeccaNeire,"Estatais davam prejuízos e hoje dão lucros bilionários. 
A verba bilionária para a mídia secou. Os artistas famosos não sobrevivem mais da Lei Rouanet. Estão com síndrome de abstinência de dinheiro público e o principal sintoma é o ódio.",2021-09-29T03:23:23.000Z
@GimenezsergioJr,@verdeamarelou,"O Caetano está acabado mesmo, depois do fim da mamata Rouanet.",2021-10-31T23:48:15.000Z
@direitao_sp,@zeliaduncan,"Pode contar conosco, lacradora da lei rouanet.",2021-10-31T23:35:58.000Z
@direitao_sp,@zeliaduncan,"Velha lacradora, quer aparecer de qualquer jeito, chora sem a rouanet.",2021-10-31T23:31:08.000Z
@isac_brasolino,@brunogagliasso,Sua mulher vai devolver o dinheiro da lei rouanet,2021-12-01T23:53:44.000Z
@JoaoAlencar65,@ClaudiaLeitte,"@ClaudiaLeitte
, além de genocida, é bunda mola e arregona!!!
Ah!
Só para constar…
Já prestou contas com a Rouanet??????",2021-12-01T23:48:42.000Z
@JoaoAlencar65,@Fatimakosstama1,"@ClaudiaLeitte
, além de genocida, é bunda mola e arregona!!!
Ah!
Só para constar…
Já prestou contas com a Rouanet??????",2021-12-01T23:48:42.000Z
@RafaelScalize,@ducavendish,Só se for axé de artista lacrador e Rouanet,2021-12-01T23:31:50.000Z
@Thiago14986082,@ClaudiaLeitte,"Mimimi dr rouanet, a mulher tem milhões de seguidores, famosa pakarai, milionária, show caro e vcs com essa história fiada de lei rouanet como se fosse alguém crime kkkk, tá bruno liberado meu caro, ela não tá quebrando a quarentena, se ela fizesse na época que pediu pra ficar.",2021-12-01T23:28:06.000Z
@Thiago14986082,@DavCost3,"Mimimi dr rouanet, a mulher tem milhões de seguidores, famosa pakarai, milionária, show caro e vcs com essa história fiada de lei rouanet como se fosse alguém crime kkkk, tá bruno liberado meu caro, ela não tá quebrando a quarentena, se ela fizesse na época que pediu pra ficar.",2021-12-01T23:28:06.000Z
@paulonail,@Elania19874339,"Não disse vc,mas pelo menos 90% dos comentários no seu post foram nessa linha,até o Kim Paim postou um dossiê,mostrando transações financeiras do cara,que ele já recorreu a lei Rouanet quando tinha uma banda de rock,esse sim eu deixei de seguir pq mostrou inveja acima de tudo.",2021-12-01T23:22:05.000Z
@paulonail,@Fa1ryNight,"Não disse vc,mas pelo menos 90% dos comentários no seu post foram nessa linha,até o Kim Paim postou um dossiê,mostrando transações financeiras do cara,que ele já recorreu a lei Rouanet quando tinha uma banda de rock,esse sim eu deixei de seguir pq mostrou inveja acima de tudo.",2021-12-01T23:22:05.000Z
@paulonail,@MurinhoVlog,"Não disse vc,mas pelo menos 90% dos comentários no seu post foram nessa linha,até o Kim Paim postou um dossiê,mostrando transações financeiras do cara,que ele já recorreu a lei Rouanet quando tinha uma banda de rock,esse sim eu deixei de seguir pq mostrou inveja acima de tudo.",2021-12-01T23:22:05.000Z
@LUIZFICHER,@antoniotabet,Vota no q prometer voltar a mamata da lei rouanet,2021-12-01T23:07:02.000Z
@ArgoloGaston,@HenriqueFontana,"Num tem caindo Mais do dinheiro né velhota? A lei Rouanet fechou as escotilhas, o Choro é Livre querida Bolsonaro 2022 é está vindo como um rolo compressor pra cima dos corruptos.",2021-12-01T22:15:16.000Z
@6_mateusss,@81J0zKnHVR,"El PT y Lula hundieron Brasil, dejaron 14 millones de parados, enviaron dinero desde Brasil a dictadores por BNDES, corrupción con el ""mensalão"" ""petrolão"", 13 mil millones de reales por la Ley Rouanet. ¡ROMPIÓ BRASIL! 
https://noticias.r7.com/brasil/fotos/pt-deixa-heranca-maldita-ao-pais-com-recessao-alto-desemprego-e-corrupcao-epidemica-31082016…",2021-12-01T22:11:59.000Z
@6_mateusss,@nytimes,"El PT y Lula hundieron Brasil, dejaron 14 millones de parados, enviaron dinero desde Brasil a dictadores por BNDES, corrupción con el ""mensalão"" ""petrolão"", 13 mil millones de reales por la Ley Rouanet. ¡ROMPIÓ BRASIL! 
https://noticias.r7.com/brasil/fotos/pt-deixa-heranca-maldita-ao-pais-com-recessao-alto-desemprego-e-corrupcao-epidemica-31082016…",2021-12-01T22:11:59.000Z
@WinstonBr1,@FelizBolsonaro22,"Sem Rouanet fica mais difícil comprar pó para fazer shows
#FelizBolsonaro22 https://x.com/opropriofaka/s/opropriofaka/status/1477422606806626312…",2022-01-01T23:59:13.000Z
@David71871116,@JornalDaCidadeO,Saudades da Rouanet ,2022-01-01T23:57:39.000Z
@paulo22_2cm,@Joseph06072908,mamando da lei Rouanet!!!! sou cineastra de direita e busco apoio para fazer meu filme do mito sem financiamento do governo!,2022-01-01T23:57:38.000Z
@MariaDo27319800,@nelsonpaffi,Só rindo com desespero dos filhos da Dona Rouanet ,2022-02-01T23:57:50.000Z
@GauchoTerceiro,@andreporci,"A rouanet vai financiar este Diretor e ator 
@andreporci
 ?????",2022-02-01T23:55:46.000Z
@Levi_de_melo,@flferronato,"Carminha participou de festa com Gleisi, Junkies da Rouanet famosos, infestad só de esquerdistas tupiniquins e ainda foi discutida questão do aborto.

Enquanto conservadores sai presos.

Depois de participar em live sobre a kegalizacw dá maconha no Brasil, mais essa.",2022-02-01T23:55:29.000Z
@Levi_de_melo,@bibonunes1,"Carminha participou de festa com Gleisi, Junkies da Rouanet famosos, infestad só de esquerdistas tupiniquins e ainda foi discutida questão do aborto.

Enquanto conservadores sai presos.

Depois de participar em live sobre a kegalizacw dá maconha no Brasil, mais essa.",2022-02-01T23:55:29.000Z
@LulzAranha,@Amoresvidafeliz,"Sai fora, derrotado! Órfão da lei rouanet! Incompetente para viver de seu trabalho sem dinheiro público! ",2022-03-04T23:53:07.000Z
@Altair83258786,@extraclassejor,"Requentaram os ataques ao presidente?

Lei Rouanet nunca mais.",2022-03-04T23:48:33.000Z
@sitef5,@PAFbKNi25j,"lei rouanet: Mario Frias, Sérgio Camargo e Porciuncula se preparam para sair candidatos https://www1.folha.uol.com.br/ilustrada/2022/03/mario-frias-sergio-camargo-e-porciuncula-se-preparam-para-sair-candidatos.shtml?utm_source=twitter&utm_medium=social&utm_campaign=twfolha…",2022-03-04T23:38:04.000Z
@XistF,@danielamercury,Acabou a mamata da Rouanet,2022-04-04T23:59:21.000Z
@Palermo61133399,@danielamercury,Ameaçado por uma rouanet pra vc em 2023?,2022-04-04T23:57:27.000Z
@GutoGes,@erikakokay,"Mamata dos sindicatos? 
Mamata do MST ? 
Mamata da Rouanet? 
Mamata do BNDES? 
Mamata da Petrobras? 
Mamata da CEF ? 
Mamata dos Correios? 
Mamata do mensalão? 
Mamata das ONGs ? 
Mamata das comitivas milionárias e hotéis luxuosos? 
Mamata de empreiteiras? 

Vaza, corruPTo",2022-04-04T23:53:26.000Z
@jorgeyorkjunior,@taoquei1,"Não, não, ela usou/recebeu dinheiro da Lei Rouanet",2022-05-05T23:59:59.000Z
@RaulTadeu_,@camaradeputados,"Já tem a Lei Rouanet, não precisa de outra...só que agora, está sendo usada para quem precisa, e não para artistas militantes milionários. Parabéns Presidente.",2022-05-05T23:58:48.000Z
@JiuFoz,@zbabel,"Então pq? Essa classe da lei Rouanet não faz igual a maioria dos sertanejos que não pegam e fazem shows gerando renda e emprego, eles não conseguem público para seus eventos?",2022-05-05T23:58:09.000Z
@JiuFoz,@monicabergamo,"Então pq? Essa classe da lei Rouanet não faz igual a maioria dos sertanejos que não pegam e fazem shows gerando renda e emprego, eles não conseguem público para seus eventos?",2022-05-05T23:58:09.000Z
@JiuFoz,@maugerotto,"Então pq? Essa classe da lei Rouanet não faz igual a maioria dos sertanejos que não pegam e fazem shows gerando renda e emprego, eles não conseguem público para seus eventos?",2022-05-05T23:58:09.000Z
@demarcorc,@ManfroiRenato,"Só se for o dinheiro dos OUTROS , ele topa ! O dele … jamais ! Socialismo para os outros , capitalismo para mim ! Se tiver um dinheiro estatal via Rouanet… melhor ainda !",2022-06-05T23:59:46.000Z
@demarcorc,@LucianoHuck,"Só se for o dinheiro dos OUTROS , ele topa ! O dele … jamais ! Socialismo para os outros , capitalismo para mim ! Se tiver um dinheiro estatal via Rouanet… melhor ainda !",2022-06-05T23:59:46.000Z
@Nonato6953,@zeliaduncan,"Saudades da Rouanet, não é, moça?",2022-06-05T23:57:13.000Z
@pvmenezes,@leonardo1opes,"E vc acha que esse pessoal se importa? Contanto que a Lei Rouanet despeje a quantidade de dinheiro necessario para mante-los com os burros cheios, eles nao estão ai pra nada...
O problema é quando começam a cortar as benesses...",2022-07-06T23:55:59.000Z
@T_Silva1990,@brunogagliasso,Será que se o Lula perder as eleições vocês vão embora do país???  Pq a choradeira pela falta do dinheiro da Rouanet é grande ,2022-07-06T23:53:11.000Z
@LuanPatriota,@RoLuchsinger,"Quase 4 anos sem Roubar!
Sem Rouanet, sem PETROLÃO, sem Corrupção!
Dói no Bolso de vocês esquerdistas!",2022-07-06T23:52:10.000Z
@gleisson_lira,@lulaverso,É lei rouanet faz muita falta,2022-08-06T23:30:39.000Z
@alcides_bosa,@Rconstantino,Lixo  secou a lei Rouanet,2022-08-06T23:23:03.000Z
@NICOPATRIOTA1,@folha,O desespero da ROUANET tá enorme ,2022-10-07T23:59:50.000Z
@RejaneR91981518,@gioewbank,"Sim o bozó e o seu ladrãozinho está com um ponto direto no ouvido, porque mal sabe ler. Vai tratar a sua ignorância filha da Rouanet.",2022-10-29T23:58:18.000Z
@VanCarvalho12,@PretaGil,"Quer a lei Rouanet tbm né minha filha, pq talento ",2022-10-29T23:58:07.000Z
@FranckRouanet,@faitmaison,"Salade de boulgour aux légumes rôtis et fromage poêlé 
(recette 
@QuiToque_fr
 ) 
#QuiToque #vegan #faitmaison 
http://bit.ly/2bXHMtW",2017-02-12T11:32:48.000Z
@FranckRouanet,@W4Dq7aKMOl,"Salade de boulgour aux légumes rôtis et fromage poêlé 
(recette 
@QuiToque_fr
 ) 
#QuiToque #vegan #faitmaison 
http://bit.ly/2bXHMtW",2017-02-12T11:32:48.000Z
@FranckRouanet,@QuiToque_fr,"Salade de boulgour aux légumes rôtis et fromage poêlé 
(recette 
@QuiToque_fr
 ) 
#QuiToque #vegan #faitmaison 
http://bit.ly/2bXHMtW",2017-02-12T11:32:48.000Z
@FranckRouanet,@QuiToque,"Salade de boulgour aux légumes rôtis et fromage poêlé 
(recette 
@QuiToque_fr
 ) 
#QuiToque #vegan #faitmaison 
http://bit.ly/2bXHMtW",2017-02-12T11:32:48.000Z
@FranckRouanet,@vegan,"Salade de boulgour aux légumes rôtis et fromage poêlé 
(recette 
@QuiToque_fr
 ) 
#QuiToque #vegan #faitmaison 
http://bit.ly/2bXHMtW",2017-02-12T11:32:48.000Z
@paulwilde2000,@JBMapsignals,"$$$, cachês e Rouanet",2017-02-12T08:49:50.000Z
@paulwilde2000,@muylaerte,"$$$, cachês e Rouanet",2017-02-12T08:49:50.000Z
@operacaocondor,@YouTube,"RATOS DO ESGOTO SEM ROUANET E PLIM PLIM!Na crise, Globo demite veteranos veja quem já perdeu o emprego http://ln.is/www.youtube.com/W5H7p… via 
@YouTube",2017-02-12T06:17:23.000Z
@operacaocondor,@ZtoWPhexwJ,"RATOS DO ESGOTO SEM ROUANET E PLIM PLIM!Na crise, Globo demite veteranos veja quem já perdeu o emprego http://ln.is/www.youtube.com/W5H7p… via 
@YouTube",2017-02-12T06:17:23.000Z
@rouanet_lea,@yZjYVfEWgp,Statistiques de cette semaine: 3 nouveaux unfollowers via http://unfollow.fr,2017-02-12T05:55:30.000Z
@rouanet_lea,@yZjYVfnkRP,Statistiques de cette semaine: 3 nouveaux unfollowers via http://unfollow.fr,2017-02-12T05:54:36.000Z
@ardnas440,@FyayYpWBH8,"Retweeted Xico Rouanet Caviar (@zecarlosantos2):

MPF pede 50 anos de cadeia para Sérgio Cabral. E aí, Lula, o... http://fb.me/89rh5N3aV",2017-02-12T03:36:04.000Z
@FranckRouanet,@l3JllXMqfM,"Photo : José Maria Ferreira http://bit.ly/tFg9lp #archive ""Un café, mon bloc note...""",2017-02-12T03:35:18.000Z
@FranckRouanet,@archive,"Photo : José Maria Ferreira http://bit.ly/tFg9lp #archive ""Un café, mon bloc note...""",2017-02-12T03:35:18.000Z
@lindovallnunes,@5IOvGt3jHM,"https://facebook.com/groups/1624526157794296/permalink/1912419882338254/… sem lei rouanet é difícil, né? Kk",2017-02-12T03:10:55.000Z
@Jumuller45,@fitzca,"@fitzca
 Acabou a grana da lei Rouanet. Eles não tem o que falar....",2017-02-11T23:21:40.000Z
@majo_fernandes,@sbtfolia,"Perguntaram a ela, quando é que vai devolver o dinheiro que recebeu pela Lei Rouanet? Foi irregular, né??",2017-02-11T22:34:11.000Z
@majo_fernandes,@SBTonline,"Perguntaram a ela, quando é que vai devolver o dinheiro que recebeu pela Lei Rouanet? Foi irregular, né??",2017-02-11T22:34:11.000Z
@RampoMarcos,@zehdeabreu,aproveitando para avisar que a lei Rouanet mudou! Talvez a mamata fique mais complicada,2017-03-21T23:47:56.000Z
@fera2k,@mwqPHnP9GX,"Mudanças na Lei Rouanet visam maior transparência: seria esse o motivo da revolta de Wagner Moura?
http://ln.is/rodrigoconstantino.com/maJxa…",2017-03-21T23:46:55.000Z
@oPENSANTE10,@MoniqueCheker,"Não faça isso, eu transpiro cultura, a lei Rouanet pode não suprir meus desejos. Mais realmente precisa",2017-02-17T00:47:23.000Z
@oPENSANTE10,@track213,"Não faça isso, eu transpiro cultura, a lei Rouanet pode não suprir meus desejos. Mais realmente precisa",2017-02-17T00:47:23.000Z
@oPENSANTE10,@Estadao,"Não faça isso, eu transpiro cultura, a lei Rouanet pode não suprir meus desejos. Mais realmente precisa",2017-02-17T00:47:23.000Z
@flaviacmalta,@o_antagonista,palhaçada...querem mesmo é viver de Rouanet e o país quebrado,2017-02-16T23:26:04.000Z
